{
  "metadata": {
    "experiment_id": "exp01_catboost",
    "timestamp": "2025-10-19T10:20:52.797726",
    "config_hash": "14f476"
  },
  "hyperparameters": {
    "depth": 8,
    "learning_rate": 0.005218047812120369,
    "iterations": 2000,
    "random_state": 42,
    "verbose": 500,
    "min_data_in_leaf": 63,
    "l2_leaf_reg": 2.9142244026336344,
    "loss_function": "RMSE",
    "eval_metric": "RMSE"
  },
  "results": {
    "rmse": 13.196243699815218,
    "mae": 7.898373846808118,
    "r2": 0.9030240377836893
  }
}