{
  "metadata": {
    "experiment_id": "exp01_catboost",
    "timestamp": "2025-10-19T10:19:49.896691",
    "config_hash": "2de259"
  },
  "hyperparameters": {
    "depth": 4,
    "learning_rate": 0.012521595765751748,
    "iterations": 2000,
    "random_state": 42,
    "verbose": 500,
    "min_data_in_leaf": 53,
    "l2_leaf_reg": 0.48095094977055547,
    "loss_function": "MAE",
    "eval_metric": "RMSE"
  },
  "results": {
    "rmse": 15.49587001654459,
    "mae": 8.668334486889057,
    "r2": 0.8662803064871905
  }
}