{
  "metadata": {
    "experiment_id": "exp01_catboost",
    "timestamp": "2025-10-19T10:19:37.818427",
    "config_hash": "34a2b8"
  },
  "hyperparameters": {
    "depth": 8,
    "learning_rate": 0.04408662850166115,
    "iterations": 1000,
    "random_state": 42,
    "verbose": 500,
    "min_data_in_leaf": 44,
    "l2_leaf_reg": 3.047533900835786,
    "loss_function": "MAE",
    "eval_metric": "RMSE"
  },
  "results": {
    "rmse": 13.615131699145405,
    "mae": 7.033483248043961,
    "r2": 0.8967697126428584
  }
}