{
  "metadata": {
    "experiment_id": "exp01_catboost",
    "timestamp": "2025-10-19T10:21:32.222913",
    "config_hash": "84d357"
  },
  "hyperparameters": {
    "depth": 8,
    "learning_rate": 0.0011885699504374336,
    "iterations": 1000,
    "random_state": 42,
    "verbose": 500,
    "min_data_in_leaf": 55,
    "l2_leaf_reg": 1.8336348835756924,
    "loss_function": "RMSE",
    "eval_metric": "RMSE"
  },
  "results": {
    "rmse": 21.97057350133262,
    "mae": 16.494114772287425,
    "r2": 0.7311894991414397
  }
}