{
  "metadata": {
    "experiment_id": "exp01_catboost",
    "timestamp": "2025-10-19T10:19:44.678492",
    "config_hash": "fae784"
  },
  "hyperparameters": {
    "depth": 1,
    "learning_rate": 0.06837767376279039,
    "iterations": 2000,
    "random_state": 42,
    "verbose": 500,
    "min_data_in_leaf": 15,
    "l2_leaf_reg": 0.1593130318439857,
    "loss_function": "RMSE",
    "eval_metric": "RMSE"
  },
  "results": {
    "rmse": 19.372032729853057,
    "mae": 14.056758456487199,
    "r2": 0.7910156179876221
  }
}