{
  "metadata": {
    "experiment_id": "exp01_quant_catboost",
    "timestamp": "2025-10-19T08:48:19.580658",
    "config_hash": "794ee8"
  },
  "hyperparameters": {
    "depth": 4,
    "learning_rate": 0.041018242403656466,
    "iterations": 5000,
    "random_state": 42,
    "verbose": 500,
    "min_data_in_leaf": 81,
    "l2_leaf_reg": 0.45840921286708014,
    "loss_function": "RMSE",
    "eval_metric": "RMSE"
  },
  "results": {
    "rmse": 13.130374951415998,
    "mae": 7.020399950418465,
    "r2": 0.9039897282344816
  }
}