{
  "metadata": {
    "experiment_id": "exp01_quant_catboost",
    "timestamp": "2025-10-19T08:53:22.069259",
    "config_hash": "b2add3"
  },
  "hyperparameters": {
    "depth": 8,
    "learning_rate": 0.07416789384968342,
    "iterations": 2000,
    "random_state": 42,
    "verbose": 500,
    "min_data_in_leaf": 39,
    "l2_leaf_reg": 8.477842441142291,
    "loss_function": "MAE",
    "eval_metric": "RMSE"
  },
  "results": {
    "rmse": 13.178961414319316,
    "mae": 6.57251409428728,
    "r2": 0.9032778780203308
  }
}