{
  "metadata": {
    "experiment_id": "exp01_quant_catboost",
    "timestamp": "2025-10-19T08:48:26.385131",
    "config_hash": "dc69f6"
  },
  "hyperparameters": {
    "depth": 1,
    "learning_rate": 0.013687543081523822,
    "iterations": 5000,
    "random_state": 42,
    "verbose": 500,
    "min_data_in_leaf": 28,
    "l2_leaf_reg": 2.8927488213326615,
    "loss_function": "RMSE",
    "eval_metric": "RMSE"
  },
  "results": {
    "rmse": 19.563318566881374,
    "mae": 11.70748653813019,
    "r2": 0.7868680801553295
  }
}