{
  "metadata": {
    "experiment_id": "exp01_quant_catboost",
    "timestamp": "2025-10-19T08:48:06.682821",
    "config_hash": "f2093e"
  },
  "hyperparameters": {
    "depth": 8,
    "learning_rate": 0.040166276609527034,
    "iterations": 2000,
    "random_state": 42,
    "verbose": 500,
    "min_data_in_leaf": 21,
    "l2_leaf_reg": 8.889856514520824,
    "loss_function": "MAE",
    "eval_metric": "RMSE"
  },
  "results": {
    "rmse": 12.834192486101687,
    "mae": 6.509111330391897,
    "r2": 0.9082722923978755
  }
}