{
  "metadata": {
    "experiment_id": "exp02_randomforest",
    "timestamp": "2025-10-20T06:21:52.778758",
    "config_hash": "05b109",
    "test_arch": "tesla"
  },
  "hyperparameters": {
    "n_estimators": 1582,
    "max_depth": 1,
    "max_features": 0.48537765660745047,
    "min_samples_leaf": 3,
    "bootstrap": true,
    "random_state": 42,
    "verbose": 0
  },
  "results": {
    "rmse": 69.58494618587285,
    "mae": 51.802010913241745,
    "r2": -1.0270463091314803
  }
}