{
  "metadata": {
    "experiment_id": "exp02_randomforest",
    "timestamp": "2025-10-20T06:13:28.802196",
    "config_hash": "0a0459",
    "test_arch": "k80"
  },
  "hyperparameters": {
    "n_estimators": 3753,
    "max_depth": 5,
    "max_features": 0.6276313569245637,
    "min_samples_leaf": 6,
    "bootstrap": false,
    "random_state": 42,
    "verbose": 0
  },
  "results": {
    "rmse": 53.60962694282507,
    "mae": 44.813592967988455,
    "r2": -4.705657693903555
  }
}