{
  "metadata": {
    "experiment_id": "exp02_randomforest",
    "timestamp": "2025-10-20T06:27:56.164871",
    "config_hash": "11c445",
    "test_arch": "adalovelace"
  },
  "hyperparameters": {
    "n_estimators": 2840,
    "max_depth": 2,
    "max_features": 0.32226993627963707,
    "min_samples_leaf": 5,
    "bootstrap": true,
    "random_state": 42,
    "verbose": 0
  },
  "results": {
    "rmse": 59.95869279823041,
    "mae": 58.49543886743231,
    "r2": -16.40354146343156
  }
}