{
  "metadata": {
    "experiment_id": "exp02_randomforest",
    "timestamp": "2025-10-20T06:21:21.273545",
    "config_hash": "1d081f",
    "test_arch": "tesla"
  },
  "hyperparameters": {
    "n_estimators": 3811,
    "max_depth": 1,
    "max_features": 0.7495364287624138,
    "min_samples_leaf": 7,
    "bootstrap": true,
    "random_state": 42,
    "verbose": 0
  },
  "results": {
    "rmse": 70.04934930249182,
    "mae": 53.544006058131174,
    "r2": -1.0541932128683555
  }
}