{
  "metadata": {
    "experiment_id": "exp02_randomforest",
    "timestamp": "2025-10-20T06:26:06.629644",
    "config_hash": "20d9e1",
    "test_arch": "adalovelace"
  },
  "hyperparameters": {
    "n_estimators": 646,
    "max_depth": 7,
    "max_features": 0.9943639668226626,
    "min_samples_leaf": 3,
    "bootstrap": false,
    "random_state": 42,
    "verbose": 0
  },
  "results": {
    "rmse": 61.19263057546991,
    "mae": 58.43700874676353,
    "r2": -17.127235082368145
  }
}