{
  "metadata": {
    "experiment_id": "exp02_randomforest",
    "timestamp": "2025-10-20T06:18:21.464748",
    "config_hash": "297c45",
    "test_arch": "k80"
  },
  "hyperparameters": {
    "n_estimators": 1597,
    "max_depth": 4,
    "max_features": 0.28425435554038114,
    "min_samples_leaf": 8,
    "bootstrap": true,
    "random_state": 42,
    "verbose": 0
  },
  "results": {
    "rmse": 22.549771161486376,
    "mae": 18.47871792389735,
    "r2": -0.009495577572222968
  }
}