{
  "metadata": {
    "experiment_id": "exp02_randomforest",
    "timestamp": "2025-10-20T06:26:19.542911",
    "config_hash": "314c00",
    "test_arch": "adalovelace"
  },
  "hyperparameters": {
    "n_estimators": 950,
    "max_depth": 3,
    "max_features": 0.7668740488076211,
    "min_samples_leaf": 4,
    "bootstrap": true,
    "random_state": 42,
    "verbose": 0
  },
  "results": {
    "rmse": 57.690577819470846,
    "mae": 55.20660603339407,
    "r2": -15.111764229933765
  }
}