{
  "metadata": {
    "experiment_id": "exp02_randomforest",
    "timestamp": "2025-10-20T06:12:13.822789",
    "config_hash": "3c2a9e",
    "test_arch": "ampere"
  },
  "hyperparameters": {
    "n_estimators": 2128,
    "max_depth": 7,
    "max_features": 0.2520708836857573,
    "min_samples_leaf": 3,
    "bootstrap": false,
    "random_state": 42,
    "verbose": 0
  },
  "results": {
    "rmse": 37.34828584207921,
    "mae": 30.58876719145413,
    "r2": -0.6915784378689473
  }
}