{
  "metadata": {
    "experiment_id": "exp02_randomforest",
    "timestamp": "2025-10-20T06:12:17.383769",
    "config_hash": "677920",
    "test_arch": "ampere"
  },
  "hyperparameters": {
    "n_estimators": 727,
    "max_depth": 2,
    "max_features": 0.10792868120740287,
    "min_samples_leaf": 1,
    "bootstrap": true,
    "random_state": 42,
    "verbose": 0
  },
  "results": {
    "rmse": 30.669689476655815,
    "mae": 27.211826660037033,
    "r2": -0.14069503292632013
  }
}