{
  "metadata": {
    "experiment_id": "exp02_randomforest",
    "timestamp": "2025-10-20T06:22:40.765219",
    "config_hash": "6affa1",
    "test_arch": "adalovelace"
  },
  "hyperparameters": {
    "n_estimators": 4558,
    "max_depth": 1,
    "max_features": 0.7224982835140026,
    "min_samples_leaf": 8,
    "bootstrap": false,
    "random_state": 42,
    "verbose": 0
  },
  "results": {
    "rmse": 60.68989199840803,
    "mae": 58.65444252820438,
    "r2": -16.830603788457957
  }
}