{
  "metadata": {
    "experiment_id": "exp02_randomforest",
    "timestamp": "2025-10-20T06:22:02.923074",
    "config_hash": "7ff3ff",
    "test_arch": "tesla"
  },
  "hyperparameters": {
    "n_estimators": 1586,
    "max_depth": 7,
    "max_features": 0.5005220577980732,
    "min_samples_leaf": 5,
    "bootstrap": true,
    "random_state": 42,
    "verbose": 0
  },
  "results": {
    "rmse": 78.14679595048769,
    "mae": 66.35975885355307,
    "r2": -1.556556717636857
  }
}