{
  "metadata": {
    "experiment_id": "exp02_randomforest",
    "timestamp": "2025-10-20T06:12:18.619034",
    "config_hash": "818640",
    "test_arch": "ampere"
  },
  "hyperparameters": {
    "n_estimators": 1211,
    "max_depth": 1,
    "max_features": 0.13528563177210468,
    "min_samples_leaf": 1,
    "bootstrap": true,
    "random_state": 42,
    "verbose": 0
  },
  "results": {
    "rmse": 32.024787003817615,
    "mae": 28.629162978292783,
    "r2": -0.24372193132546527
  }
}