{
  "metadata": {
    "experiment_id": "exp02_randomforest",
    "timestamp": "2025-10-20T06:21:09.211786",
    "config_hash": "87d711",
    "test_arch": "tesla"
  },
  "hyperparameters": {
    "n_estimators": 4927,
    "max_depth": 7,
    "max_features": 0.6622049234179719,
    "min_samples_leaf": 6,
    "bootstrap": true,
    "random_state": 42,
    "verbose": 0
  },
  "results": {
    "rmse": 78.05147269324073,
    "mae": 66.83873883633977,
    "r2": -1.5503235591610203
  }
}