{
  "metadata": {
    "experiment_id": "exp02_randomforest",
    "timestamp": "2025-10-20T06:12:21.007379",
    "config_hash": "8e142d",
    "test_arch": "ampere"
  },
  "hyperparameters": {
    "n_estimators": 1467,
    "max_depth": 3,
    "max_features": 0.10873035782073531,
    "min_samples_leaf": 2,
    "bootstrap": true,
    "random_state": 42,
    "verbose": 0
  },
  "results": {
    "rmse": 29.587271481591703,
    "mae": 26.00672720724882,
    "r2": -0.0615993061744895
  }
}