{
  "metadata": {
    "experiment_id": "exp02_randomforest",
    "timestamp": "2025-10-20T06:12:15.450361",
    "config_hash": "953a8b",
    "test_arch": "ampere"
  },
  "hyperparameters": {
    "n_estimators": 1213,
    "max_depth": 2,
    "max_features": 0.13317743214417377,
    "min_samples_leaf": 1,
    "bootstrap": true,
    "random_state": 42,
    "verbose": 0
  },
  "results": {
    "rmse": 30.83144551792076,
    "mae": 27.362528400758357,
    "r2": -0.15275911916563545
  }
}