{
  "metadata": {
    "experiment_id": "exp02_randomforest",
    "timestamp": "2025-10-20T06:22:29.588036",
    "config_hash": "b1470a",
    "test_arch": "tesla"
  },
  "hyperparameters": {
    "n_estimators": 1517,
    "max_depth": 4,
    "max_features": 0.6539758867923415,
    "min_samples_leaf": 2,
    "bootstrap": true,
    "random_state": 42,
    "verbose": 0
  },
  "results": {
    "rmse": 74.44814607574423,
    "mae": 62.42018101555233,
    "r2": -1.320282442583911
  }
}