{
  "metadata": {
    "experiment_id": "exp02_randomforest",
    "timestamp": "2025-10-20T06:24:49.479296",
    "config_hash": "b3097a",
    "test_arch": "adalovelace"
  },
  "hyperparameters": {
    "n_estimators": 2206,
    "max_depth": 8,
    "max_features": 0.9111708709583924,
    "min_samples_leaf": 7,
    "bootstrap": false,
    "random_state": 42,
    "verbose": 0
  },
  "results": {
    "rmse": 61.88373487494038,
    "mae": 58.79976106589602,
    "r2": -17.539002119955047
  }
}