{
  "metadata": {
    "experiment_id": "exp02_randomforest",
    "timestamp": "2025-10-20T06:10:36.752002",
    "config_hash": "bafe53",
    "test_arch": "ampere"
  },
  "hyperparameters": {
    "n_estimators": 3244,
    "max_depth": 7,
    "max_features": 0.6748529332732028,
    "min_samples_leaf": 5,
    "bootstrap": false,
    "random_state": 42,
    "verbose": 0
  },
  "results": {
    "rmse": 44.389661238953,
    "mae": 37.21313129330997,
    "r2": -1.3895408212734686
  }
}