{
  "metadata": {
    "experiment_id": "exp02_randomforest",
    "timestamp": "2025-10-20T06:12:02.633189",
    "config_hash": "bbef15",
    "test_arch": "ampere"
  },
  "hyperparameters": {
    "n_estimators": 2869,
    "max_depth": 10,
    "max_features": 0.788090538504136,
    "min_samples_leaf": 4,
    "bootstrap": true,
    "random_state": 42,
    "verbose": 0
  },
  "results": {
    "rmse": 46.47359377771852,
    "mae": 38.8611597853037,
    "r2": -1.6191677087536824
  }
}