{
  "metadata": {
    "experiment_id": "exp02_randomforest",
    "timestamp": "2025-10-20T06:16:30.230517",
    "config_hash": "bcfd94",
    "test_arch": "k80"
  },
  "hyperparameters": {
    "n_estimators": 4933,
    "max_depth": 10,
    "max_features": 0.9492462077328838,
    "min_samples_leaf": 3,
    "bootstrap": false,
    "random_state": 42,
    "verbose": 0
  },
  "results": {
    "rmse": 74.82769056752511,
    "mae": 60.76488641972065,
    "r2": -10.115904990083642
  }
}