{
  "metadata": {
    "experiment_id": "exp02_randomforest",
    "timestamp": "2025-10-20T06:24:51.685389",
    "config_hash": "cf6b19",
    "test_arch": "adalovelace"
  },
  "hyperparameters": {
    "n_estimators": 1652,
    "max_depth": 2,
    "max_features": 0.24612095264834336,
    "min_samples_leaf": 1,
    "bootstrap": true,
    "random_state": 42,
    "verbose": 0
  },
  "results": {
    "rmse": 60.0453440981316,
    "mae": 58.76530139982626,
    "r2": -16.453880425706554
  }
}