{
  "metadata": {
    "experiment_id": "exp02_randomforest",
    "timestamp": "2025-10-20T06:23:37.852139",
    "config_hash": "e46b89",
    "test_arch": "adalovelace"
  },
  "hyperparameters": {
    "n_estimators": 2690,
    "max_depth": 3,
    "max_features": 0.9089504928620871,
    "min_samples_leaf": 3,
    "bootstrap": true,
    "random_state": 42,
    "verbose": 0
  },
  "results": {
    "rmse": 56.814854365834556,
    "mae": 54.28388592319485,
    "r2": -14.626334476671238
  }
}