{
  "metadata": {
    "experiment_id": "exp02_randomforest",
    "timestamp": "2025-10-20T06:14:46.708905",
    "config_hash": "e698f7",
    "test_arch": "k80"
  },
  "hyperparameters": {
    "n_estimators": 3821,
    "max_depth": 7,
    "max_features": 0.17205528713856735,
    "min_samples_leaf": 2,
    "bootstrap": true,
    "random_state": 42,
    "verbose": 0
  },
  "results": {
    "rmse": 30.912529203561196,
    "mae": 25.121783841621525,
    "r2": -0.8970956234087648
  }
}