{
  "metadata": {
    "experiment_id": "exp01_catboost",
    "timestamp": "2026-02-06T09:37:51.837828",
    "config_hash": "08ce0f"
  },
  "hyperparameters": {
    "depth": 7,
    "learning_rate": 0.0010658248360492094,
    "iterations": 2000,
    "random_state": 42,
    "verbose": 500,
    "min_data_in_leaf": 70,
    "l2_leaf_reg": 0.1921176794663194,
    "loss_function": "RMSE",
    "eval_metric": "RMSE"
  },
  "results": {
    "rmse": 18.05835973593141,
    "mae": 13.450922004907694,
    "r2": 0.8183982440509535
  }
}