{
  "metadata": {
    "experiment_id": "exp01_catboost",
    "timestamp": "2026-02-06T09:38:04.362842",
    "config_hash": "388de3"
  },
  "hyperparameters": {
    "depth": 8,
    "learning_rate": 0.007841375569961818,
    "iterations": 2000,
    "random_state": 42,
    "verbose": 500,
    "min_data_in_leaf": 22,
    "l2_leaf_reg": 0.3850767166754277,
    "loss_function": "RMSE",
    "eval_metric": "RMSE"
  },
  "results": {
    "rmse": 13.264810010187729,
    "mae": 7.601152640024378,
    "r2": 0.902013665655128
  }
}