{
  "metadata": {
    "experiment_id": "exp01_catboost",
    "timestamp": "2026-02-06T09:37:37.653220",
    "config_hash": "6d3bff"
  },
  "hyperparameters": {
    "depth": 8,
    "learning_rate": 0.004923004853668949,
    "iterations": 2000,
    "random_state": 42,
    "verbose": 500,
    "min_data_in_leaf": 47,
    "l2_leaf_reg": 0.16752140205998028,
    "loss_function": "MAE",
    "eval_metric": "RMSE"
  },
  "results": {
    "rmse": 13.946184542977566,
    "mae": 7.600531596761692,
    "r2": 0.8916885778013641
  }
}