{
  "metadata": {
    "experiment_id": "exp01_catboost",
    "timestamp": "2026-02-06T09:37:42.120444",
    "config_hash": "e438a7"
  },
  "hyperparameters": {
    "depth": 10,
    "learning_rate": 0.011554260855713896,
    "iterations": 1000,
    "random_state": 42,
    "verbose": 500,
    "min_data_in_leaf": 87,
    "l2_leaf_reg": 0.40289033660600687,
    "loss_function": "RMSE",
    "eval_metric": "RMSE"
  },
  "results": {
    "rmse": 13.24663455189647,
    "mae": 7.579324498662929,
    "r2": 0.9022820036718977
  }
}