{
  "metadata": {
    "experiment_id": "exp01_catboost",
    "timestamp": "2026-02-06T09:38:08.291665",
    "config_hash": "f56003"
  },
  "hyperparameters": {
    "depth": 8,
    "learning_rate": 0.05948070131633501,
    "iterations": 2000,
    "random_state": 42,
    "verbose": 500,
    "min_data_in_leaf": 48,
    "l2_leaf_reg": 0.43040957133780205,
    "loss_function": "MAE",
    "eval_metric": "RMSE"
  },
  "results": {
    "rmse": 13.749105486735747,
    "mae": 7.038771155714082,
    "r2": 0.8947281315987656
  }
}