{
  "metadata": {
    "experiment_id": "exp01_randomforest",
    "timestamp": "2025-10-20T05:44:57.824658",
    "config_hash": "1159aa"
  },
  "hyperparameters": {
    "n_estimators": 4134,
    "max_depth": 7,
    "max_features": 0.4161423240882003,
    "min_samples_leaf": 7,
    "bootstrap": false,
    "random_state": 42,
    "verbose": 100
  },
  "results": {
    "rmse": 15.492275619769158,
    "mae": 10.68978687546592,
    "r2": 0.8663423340971582
  }
}