{
  "metadata": {
    "experiment_id": "exp01_randomforest",
    "timestamp": "2025-10-20T05:45:37.548257",
    "config_hash": "401531"
  },
  "hyperparameters": {
    "n_estimators": 2137,
    "max_depth": 1,
    "max_features": 0.6137624007070871,
    "min_samples_leaf": 2,
    "bootstrap": false,
    "random_state": 42,
    "verbose": 0
  },
  "results": {
    "rmse": 38.603270483889496,
    "mae": 28.896998373770856,
    "r2": 0.17012698535821824
  }
}