{
  "metadata": {
    "experiment_id": "exp01_randomforest",
    "timestamp": "2025-10-20T05:46:48.887654",
    "config_hash": "45d653"
  },
  "hyperparameters": {
    "n_estimators": 1412,
    "max_depth": 5,
    "max_features": 0.5623912817544271,
    "min_samples_leaf": 2,
    "bootstrap": true,
    "random_state": 42,
    "verbose": 0
  },
  "results": {
    "rmse": 19.740559350384373,
    "mae": 14.675271332122446,
    "r2": 0.7829886985127932
  }
}