{
  "metadata": {
    "experiment_id": "exp01_quant_randomforest",
    "timestamp": "2025-10-20T06:05:11.601493",
    "config_hash": "277a2e"
  },
  "hyperparameters": {
    "n_estimators": 3477,
    "max_depth": 6,
    "max_features": 0.6902591548868426,
    "min_samples_leaf": 8,
    "bootstrap": true,
    "random_state": 42,
    "verbose": 0
  },
  "results": {
    "rmse": 19.52543676143586,
    "mae": 11.26680282333776,
    "r2": 0.7876926851367994
  }
}