{
  "metadata": {
    "experiment_id": "exp01_quant_randomforest",
    "timestamp": "2025-10-20T06:07:40.771183",
    "config_hash": "7045bc"
  },
  "hyperparameters": {
    "n_estimators": 4501,
    "max_depth": 9,
    "max_features": 0.31206111757772614,
    "min_samples_leaf": 9,
    "bootstrap": false,
    "random_state": 42,
    "verbose": 0
  },
  "results": {
    "rmse": 15.649920357744362,
    "mae": 8.647743975264031,
    "r2": 0.8636083741021828
  }
}