{
  "metadata": {
    "experiment_id": "exp01_quant_randomforest",
    "timestamp": "2025-10-20T06:04:42.251455",
    "config_hash": "901214"
  },
  "hyperparameters": {
    "n_estimators": 3041,
    "max_depth": 5,
    "max_features": 0.7290135306019128,
    "min_samples_leaf": 7,
    "bootstrap": false,
    "random_state": 42,
    "verbose": 0
  },
  "results": {
    "rmse": 21.355369711249935,
    "mae": 12.3581516752275,
    "r2": 0.7460327993599902
  }
}