{
  "metadata": {
    "experiment_id": "exp01_quant_randomforest",
    "timestamp": "2025-10-20T06:07:07.569227",
    "config_hash": "91eb0a"
  },
  "hyperparameters": {
    "n_estimators": 2693,
    "max_depth": 6,
    "max_features": 0.6059253192870648,
    "min_samples_leaf": 6,
    "bootstrap": true,
    "random_state": 42,
    "verbose": 0
  },
  "results": {
    "rmse": 19.5270473478305,
    "mae": 11.233594004782463,
    "r2": 0.7876576586859518
  }
}