{
  "metadata": {
    "experiment_id": "exp01_quant_randomforest",
    "timestamp": "2025-10-20T05:58:05.285743",
    "config_hash": "98cfc3"
  },
  "hyperparameters": {
    "n_estimators": 1914,
    "max_depth": 7,
    "max_features": 0.5784456629317986,
    "min_samples_leaf": 2,
    "bootstrap": false,
    "random_state": 42,
    "verbose": 0
  },
  "results": {
    "rmse": 17.616967353942325,
    "mae": 9.896824045702424,
    "r2": 0.8271673686318066
  }
}