{
  "metadata": {
    "experiment_id": "exp01_quant_randomforest",
    "timestamp": "2025-10-20T06:00:37.149901",
    "config_hash": "e34d8c"
  },
  "hyperparameters": {
    "n_estimators": 1921,
    "max_depth": 3,
    "max_features": 0.5073135490951848,
    "min_samples_leaf": 7,
    "bootstrap": false,
    "random_state": 42,
    "verbose": 0
  },
  "results": {
    "rmse": 25.99482633683007,
    "mae": 15.949568262666888,
    "r2": 0.6236973438606053
  }
}