{
  "metadata": {
    "experiment_id": "exp01_quant_randomforest",
    "timestamp": "2025-10-20T06:00:48.169784",
    "config_hash": "f6711c"
  },
  "hyperparameters": {
    "n_estimators": 1514,
    "max_depth": 9,
    "max_features": 0.48014180725301214,
    "min_samples_leaf": 10,
    "bootstrap": true,
    "random_state": 42,
    "verbose": 0
  },
  "results": {
    "rmse": 15.241778603764113,
    "mae": 8.47838593284623,
    "r2": 0.8706296536337874
  }
}