{
  "metadata": {
    "experiment_id": "exp02_quant_randomforest",
    "timestamp": "2025-10-20T06:33:54.606453",
    "config_hash": "25ef9a",
    "test_arch": "ampere"
  },
  "hyperparameters": {
    "n_estimators": 1037,
    "max_depth": 3,
    "max_features": 0.8181246037910902,
    "min_samples_leaf": 3,
    "bootstrap": true,
    "random_state": 42,
    "verbose": 0
  },
  "results": {
    "rmse": 28.007573778768656,
    "mae": 19.36057547642929,
    "r2": 0.048734447879896226
  }
}