{
  "metadata": {
    "experiment_id": "exp02_quant_randomforest",
    "timestamp": "2025-10-20T06:46:40.993851",
    "config_hash": "3220a9",
    "test_arch": "k80"
  },
  "hyperparameters": {
    "n_estimators": 2673,
    "max_depth": 10,
    "max_features": 0.789709370978887,
    "min_samples_leaf": 4,
    "bootstrap": false,
    "random_state": 42,
    "verbose": 0
  },
  "results": {
    "rmse": 22.085801333421493,
    "mae": 18.783437755380007,
    "r2": 0.03161854170929046
  }
}