{
  "metadata": {
    "experiment_id": "exp02_quant_randomforest",
    "timestamp": "2025-10-20T07:01:17.995317",
    "config_hash": "40fbd0",
    "test_arch": "adalovelace"
  },
  "hyperparameters": {
    "n_estimators": 1591,
    "max_depth": 8,
    "max_features": 0.6152366818586754,
    "min_samples_leaf": 5,
    "bootstrap": true,
    "random_state": 42,
    "verbose": 0
  },
  "results": {
    "rmse": 11.061332770435413,
    "mae": 7.122269806880309,
    "r2": 0.4076911302182983
  }
}