{
  "metadata": {
    "experiment_id": "exp02_quant_randomforest",
    "timestamp": "2025-10-20T06:35:29.577647",
    "config_hash": "41e0b5",
    "test_arch": "ampere"
  },
  "hyperparameters": {
    "n_estimators": 2861,
    "max_depth": 8,
    "max_features": 0.16180386904928246,
    "min_samples_leaf": 4,
    "bootstrap": false,
    "random_state": 42,
    "verbose": 0
  },
  "results": {
    "rmse": 26.37086596267012,
    "mae": 18.09477808425276,
    "r2": 0.15666606684337225
  }
}