{
  "metadata": {
    "experiment_id": "exp02_quant_randomforest",
    "timestamp": "2025-10-20T06:35:18.718208",
    "config_hash": "4a709a",
    "test_arch": "ampere"
  },
  "hyperparameters": {
    "n_estimators": 3690,
    "max_depth": 10,
    "max_features": 0.9146615762397788,
    "min_samples_leaf": 2,
    "bootstrap": false,
    "random_state": 42,
    "verbose": 0
  },
  "results": {
    "rmse": 22.860339877705727,
    "mae": 15.604808174523571,
    "r2": 0.3662526465491964
  }
}