{
  "metadata": {
    "experiment_id": "exp02_quant_randomforest",
    "timestamp": "2025-10-20T06:43:56.119790",
    "config_hash": "4dbc2a",
    "test_arch": "k80"
  },
  "hyperparameters": {
    "n_estimators": 3344,
    "max_depth": 3,
    "max_features": 0.14402784261120838,
    "min_samples_leaf": 3,
    "bootstrap": false,
    "random_state": 42,
    "verbose": 0
  },
  "results": {
    "rmse": 19.610487857169346,
    "mae": 16.323345137564697,
    "r2": 0.23652127666604283
  }
}