{
  "metadata": {
    "experiment_id": "exp02_quant_randomforest",
    "timestamp": "2025-10-20T06:54:20.835054",
    "config_hash": "588e98",
    "test_arch": "tesla"
  },
  "hyperparameters": {
    "n_estimators": 3818,
    "max_depth": 10,
    "max_features": 0.647570871503773,
    "min_samples_leaf": 5,
    "bootstrap": true,
    "random_state": 42,
    "verbose": 0
  },
  "results": {
    "rmse": 45.33175353836315,
    "mae": 29.63235196546177,
    "r2": 0.13972338628006964
  }
}