{
  "metadata": {
    "experiment_id": "exp02_quant_randomforest",
    "timestamp": "2025-10-20T06:44:33.488515",
    "config_hash": "5be154",
    "test_arch": "k80"
  },
  "hyperparameters": {
    "n_estimators": 2881,
    "max_depth": 10,
    "max_features": 0.9176348160752482,
    "min_samples_leaf": 10,
    "bootstrap": true,
    "random_state": 42,
    "verbose": 0
  },
  "results": {
    "rmse": 23.083636263456363,
    "mae": 19.448651593571235,
    "r2": -0.05786095418653736
  }
}