{
  "metadata": {
    "experiment_id": "exp02_quant_randomforest",
    "timestamp": "2025-10-20T06:35:37.105594",
    "config_hash": "5cb2b3",
    "test_arch": "ampere"
  },
  "hyperparameters": {
    "n_estimators": 867,
    "max_depth": 6,
    "max_features": 0.8071177245130137,
    "min_samples_leaf": 9,
    "bootstrap": true,
    "random_state": 42,
    "verbose": 0
  },
  "results": {
    "rmse": 25.387467121925543,
    "mae": 17.41523946840522,
    "r2": 0.21839101954345774
  }
}