{
  "metadata": {
    "experiment_id": "exp02_quant_randomforest",
    "timestamp": "2025-10-20T06:48:03.246977",
    "config_hash": "783d2b",
    "test_arch": "k80"
  },
  "hyperparameters": {
    "n_estimators": 4274,
    "max_depth": 1,
    "max_features": 0.2454233950305827,
    "min_samples_leaf": 10,
    "bootstrap": true,
    "random_state": 42,
    "verbose": 0
  },
  "results": {
    "rmse": 22.05251156081811,
    "mae": 17.592481612639606,
    "r2": 0.034535610698774755
  }
}