{
  "metadata": {
    "experiment_id": "exp02_quant_randomforest",
    "timestamp": "2025-10-20T06:53:14.656564",
    "config_hash": "887db6",
    "test_arch": "tesla"
  },
  "hyperparameters": {
    "n_estimators": 3324,
    "max_depth": 8,
    "max_features": 0.9831809008115118,
    "min_samples_leaf": 4,
    "bootstrap": true,
    "random_state": 42,
    "verbose": 0
  },
  "results": {
    "rmse": 45.64649840482102,
    "mae": 30.29788175318272,
    "r2": 0.12773586689240302
  }
}