{
  "metadata": {
    "experiment_id": "exp02_quant_randomforest",
    "timestamp": "2025-10-20T06:59:05.624480",
    "config_hash": "8e2853",
    "test_arch": "adalovelace"
  },
  "hyperparameters": {
    "n_estimators": 4004,
    "max_depth": 7,
    "max_features": 0.429171492068825,
    "min_samples_leaf": 2,
    "bootstrap": false,
    "random_state": 42,
    "verbose": 0
  },
  "results": {
    "rmse": 11.286967172109026,
    "mae": 7.573885752781705,
    "r2": 0.3832802675390955
  }
}