{
  "metadata": {
    "experiment_id": "exp02_quant_randomforest",
    "timestamp": "2025-10-20T06:50:34.721445",
    "config_hash": "a3bfb0",
    "test_arch": "tesla"
  },
  "hyperparameters": {
    "n_estimators": 2204,
    "max_depth": 10,
    "max_features": 0.5325967755770123,
    "min_samples_leaf": 1,
    "bootstrap": false,
    "random_state": 42,
    "verbose": 0
  },
  "results": {
    "rmse": 45.62746476396561,
    "mae": 30.035628260638035,
    "r2": 0.12846314724908947
  }
}