{
  "metadata": {
    "experiment_id": "exp02_quant_randomforest",
    "timestamp": "2025-10-20T06:52:37.318134",
    "config_hash": "b4f676",
    "test_arch": "tesla"
  },
  "hyperparameters": {
    "n_estimators": 3373,
    "max_depth": 10,
    "max_features": 0.9929956102639718,
    "min_samples_leaf": 5,
    "bootstrap": true,
    "random_state": 42,
    "verbose": 0
  },
  "results": {
    "rmse": 45.15713927001407,
    "mae": 29.986260448016385,
    "r2": 0.14633805474994677
  }
}