{
  "metadata": {
    "experiment_id": "exp02_quant_randomforest",
    "timestamp": "2025-10-20T06:59:17.948688",
    "config_hash": "b9fa38",
    "test_arch": "adalovelace"
  },
  "hyperparameters": {
    "n_estimators": 4353,
    "max_depth": 1,
    "max_features": 0.8575138540387416,
    "min_samples_leaf": 4,
    "bootstrap": false,
    "random_state": 42,
    "verbose": 0
  },
  "results": {
    "rmse": 14.862596006745111,
    "mae": 10.829571814171667,
    "r2": -0.06935687640008448
  }
}