{
  "metadata": {
    "experiment_id": "exp02_quant_randomforest",
    "timestamp": "2025-10-20T06:47:44.133187",
    "config_hash": "d299ca",
    "test_arch": "k80"
  },
  "hyperparameters": {
    "n_estimators": 2067,
    "max_depth": 5,
    "max_features": 0.41554614221810815,
    "min_samples_leaf": 2,
    "bootstrap": true,
    "random_state": 42,
    "verbose": 0
  },
  "results": {
    "rmse": 19.176544342011073,
    "mae": 15.968128575320076,
    "r2": 0.2699361559248965
  }
}