{
  "metadata": {
    "experiment_id": "exp02_quant_randomforest",
    "timestamp": "2025-10-20T06:55:26.220686",
    "config_hash": "dc7298",
    "test_arch": "tesla"
  },
  "hyperparameters": {
    "n_estimators": 3933,
    "max_depth": 7,
    "max_features": 0.6937307058262,
    "min_samples_leaf": 3,
    "bootstrap": true,
    "random_state": 42,
    "verbose": 0
  },
  "results": {
    "rmse": 45.69266243662571,
    "mae": 30.08364513949851,
    "r2": 0.1259706672614399
  }
}