{
  "metadata": {
    "experiment_id": "exp02_quant_randomforest",
    "timestamp": "2025-10-20T06:58:32.310716",
    "config_hash": "e05747",
    "test_arch": "adalovelace"
  },
  "hyperparameters": {
    "n_estimators": 3361,
    "max_depth": 6,
    "max_features": 0.15004498183421885,
    "min_samples_leaf": 2,
    "bootstrap": false,
    "random_state": 42,
    "verbose": 0
  },
  "results": {
    "rmse": 12.392969285754885,
    "mae": 8.86299322891179,
    "r2": 0.2564947026243347
  }
}