{
  "metadata": {
    "experiment_id": "exp02_quant_randomforest",
    "timestamp": "2025-10-20T06:49:31.471784",
    "config_hash": "e5394d",
    "test_arch": "tesla"
  },
  "hyperparameters": {
    "n_estimators": 4440,
    "max_depth": 8,
    "max_features": 0.1465424269495222,
    "min_samples_leaf": 6,
    "bootstrap": true,
    "random_state": 42,
    "verbose": 0
  },
  "results": {
    "rmse": 47.14639501643915,
    "mae": 31.957405725278054,
    "r2": 0.06947068319572591
  }
}