{
  "metadata": {
    "experiment_id": "exp02_quant_randomforest",
    "timestamp": "2025-10-20T06:41:07.438638",
    "config_hash": "e95b11",
    "test_arch": "ampere"
  },
  "hyperparameters": {
    "n_estimators": 4119,
    "max_depth": 8,
    "max_features": 0.41000173674903273,
    "min_samples_leaf": 3,
    "bootstrap": false,
    "random_state": 42,
    "verbose": 0
  },
  "results": {
    "rmse": 25.523144577689695,
    "mae": 17.111829237713142,
    "r2": 0.21001443841717204
  }
}