{
  "metadata": {
    "experiment_id": "exp02_quant_randomforest",
    "timestamp": "2025-10-20T06:45:57.606673",
    "config_hash": "eed31c",
    "test_arch": "k80"
  },
  "hyperparameters": {
    "n_estimators": 4563,
    "max_depth": 5,
    "max_features": 0.13947892748770999,
    "min_samples_leaf": 2,
    "bootstrap": true,
    "random_state": 42,
    "verbose": 0
  },
  "results": {
    "rmse": 18.645293311730672,
    "mae": 15.909561427403977,
    "r2": 0.3098260197983397
  }
}