{
  "metadata": {
    "experiment_id": "exp02_quant_randomforest",
    "timestamp": "2025-10-20T06:58:09.952142",
    "config_hash": "fbc217",
    "test_arch": "adalovelace"
  },
  "hyperparameters": {
    "n_estimators": 1667,
    "max_depth": 3,
    "max_features": 0.7484060767467384,
    "min_samples_leaf": 2,
    "bootstrap": true,
    "random_state": 42,
    "verbose": 0
  },
  "results": {
    "rmse": 12.589571773859715,
    "mae": 8.684196290717553,
    "r2": 0.23271759957270033
  }
}