{
  "metadata": {
    "experiment_id": "exp02_quant_randomforest",
    "timestamp": "2025-10-20T06:57:05.366901",
    "config_hash": "fbcefa",
    "test_arch": "tesla"
  },
  "hyperparameters": {
    "n_estimators": 2583,
    "max_depth": 9,
    "max_features": 0.7313696971250316,
    "min_samples_leaf": 10,
    "bootstrap": true,
    "random_state": 42,
    "verbose": 0
  },
  "results": {
    "rmse": 45.426619384631586,
    "mae": 29.819607490985604,
    "r2": 0.136119013794183
  }
}